{
  "Version": "2019-10-30",
  "StartAction": "b61cc80c-b795-4ce9-aa65-ed8636bfc922",
  "Metadata": {
    "entryPointPosition": {
      "x": 0,
      "y": 0
    },
    "snapToGrid": false,
    "ActionMetadata": {
      "b61cc80c-b795-4ce9-aa65-ed8636bfc922": {
        "position": {
          "x": 153.6,
          "y": 38.4
        }
      },
      "0525d089-8ae2-4bdf-a63f-9659e3ed269a": {
        "position": {
          "x": 614.4,
          "y": 230.39999999999998
        }
      },
      "e2a4d5c5-cc20-404c-a83d-f1574ceb5487": {
        "position": {
          "x": 844.8,
          "y": 230.39999999999998
        }
      },
      "1e9bb3c3-e797-4aa3-95f9-969d26c065b3": {
        "position": {
          "x": 1075.2,
          "y": 422.4
        }
      },
      "c5f5ddfd-e39b-4328-a1d5-3aa3131a7473": {
        "position": {
          "x": 1305.6,
          "y": 422.4
        }
      },
      "4edcb2a9-eb78-494b-beae-a2a65ab48112": {
        "position": {
          "x": 1536.0,
          "y": 422.4
        }
      },
      "b801bed1-fbbb-4fc3-a086-274bb77821d6": {
        "position": {
          "x": 1766.3999999999999,
          "y": 633.6
        }
      },
      "caff647d-5f20-4f12-879d-b5bca06277b8": {
        "position": {
          "x": 1996.8,
          "y": 633.6
        }
      },
      "3a4d276e-eb5d-4bb5-a410-7d3e25af0e2a": {
        "position": {
          "x": 2227.2,
          "y": 633.6
        }
      },
      "345b670e-c545-4079-a562-6ca4dae24784": {
        "position": {
          "x": 2457.6,
          "y": 825.6
        }
      },
      "75875f26-742a-419b-b5f9-317be938bd7a": {
        "position": {
          "x": 2688.0,
          "y": 825.6
        }
      },
      "47915140-947a-4dcc-ac4d-4b3995d6801c": {
        "position": {
          "x": 2918.4,
          "y": 825.6
        }
      },
      "f360ba03-5c63-41a7-a371-cb6fd568e7ed": {
        "position": {
          "x": 3148.7999999999997,
          "y": 825.6
        }
      },
      "ee9fbb2b-5716-463a-bcd3-3108adbbdcb8": {
        "position": {
          "x": 3379.2,
          "y": 825.6
        }
      },
      "07a9bf9e-2120-4732-942e-7cf5ad10ab41": {
        "position": {
          "x": 3609.6,
          "y": 1017.5999999999999
        }
      },
      "1d974db2-5c83-4b0e-ac6c-7122df012e01": {
        "position": {
          "x": 3840.0,
          "y": 1017.5999999999999
        }
      },
      "edf367ae-918a-44e5-994a-c5a495bafbf1": {
        "position": {
          "x": 4070.3999999999996,
          "y": 1017.5999999999999
        }
      },
      "d4bf97a7-f792-487b-890c-1e97cfb97731": {
        "position": {
          "x": 4300.8,
          "y": 1017.5999999999999
        }
      },
      "13ab3d20-9421-40b5-89f9-c6bdd9184a33": {
        "position": {
          "x": 4531.2,
          "y": 1209.6
        }
      },
      "e446acf9-747c-4935-ab39-519307471a2b": {
        "position": {
          "x": 4992.0,
          "y": 1401.6
        }
      }
    },
    "Annotations": []
  },
  "Actions": [
    {
      "Identifier": "b61cc80c-b795-4ce9-aa65-ed8636bfc922",
      "Type": "MessageParticipant",
      "Parameters": {
        "Text": "Welcome to Burger Palace! Thank you for calling."
      },
      "Transitions": {
        "NextAction": "0525d089-8ae2-4bdf-a63f-9659e3ed269a",
        "Errors": [
          {
            "NextAction": "e2a4d5c5-cc20-404c-a83d-f1574ceb5487",
            "ErrorType": "NoMatchingError"
          }
        ]
      }
    },
    {
      "Identifier": "0525d089-8ae2-4bdf-a63f-9659e3ed269a",
      "Type": "GetParticipantInput",
      "Parameters": {
        "Text": "Press 1 to place an order, 2 to track your order, or 3 to speak with an agent",
        "InputTimeLimitSeconds": "10",
        "StoreInput": "False"
      },
      "Transitions": {
        "Conditions": [
          {
            "NextAction": "1e9bb3c3-e797-4aa3-95f9-969d26c065b3",
            "Condition": {
              "Operator": "Equals",
              "Operands": [
                "1"
              ]
            }
          },
          {
            "NextAction": "c5f5ddfd-e39b-4328-a1d5-3aa3131a7473",
            "Condition": {
              "Operator": "Equals",
              "Operands": [
                "2"
              ]
            }
          },
          {
            "NextAction": "4edcb2a9-eb78-494b-beae-a2a65ab48112",
            "Condition": {
              "Operator": "Equals",
              "Operands": [
                "3"
              ]
            }
          }
        ],
        "NextAction": "e2a4d5c5-cc20-404c-a83d-f1574ceb5487",
        "Errors": [
          {
            "NextAction": "e2a4d5c5-cc20-404c-a83d-f1574ceb5487",
            "ErrorType": "InputTimeLimitExceeded"
          },
          {
            "NextAction": "e2a4d5c5-cc20-404c-a83d-f1574ceb5487",
            "ErrorType": "NoMatchingCondition"
          },
          {
            "NextAction": "e2a4d5c5-cc20-404c-a83d-f1574ceb5487",
            "ErrorType": "NoMatchingError"
          }
        ]
      }
    },
    {
      "Identifier": "1e9bb3c3-e797-4aa3-95f9-969d26c065b3",
      "Type": "MessageParticipant",
      "Parameters": {
        "Text": "Great! Let's get your order started."
      },
      "Transitions": {
        "NextAction": "b801bed1-fbbb-4fc3-a086-274bb77821d6",
        "Errors": [
          {
            "NextAction": "e2a4d5c5-cc20-404c-a83d-f1574ceb5487",
            "ErrorType": "NoMatchingError"
          }
        ]
      }
    },
    {
      "Identifier": "b801bed1-fbbb-4fc3-a086-274bb77821d6",
      "Type": "GetParticipantInput",
      "Parameters": {
        "Text": "Press 1 for Classic Burger, 2 for Deluxe Burger, or 3 for Veggie Burger",
        "InputTimeLimitSeconds": "10",
        "StoreInput": "False"
      },
      "Transitions": {
        "Conditions": [
          {
            "NextAction": "345b670e-c545-4079-a562-6ca4dae24784",
            "Condition": {
              "Operator": "Equals",
              "Operands": [
                "1"
              ]
            }
          },
          {
            "NextAction": "75875f26-742a-419b-b5f9-317be938bd7a",
            "Condition": {
              "Operator": "Equals",
              "Operands": [
                "2"
              ]
            }
          },
          {
            "NextAction": "47915140-947a-4dcc-ac4d-4b3995d6801c",
            "Condition": {
              "Operator": "Equals",
              "Operands": [
                "3"
              ]
            }
          }
        ],
        "NextAction": "e2a4d5c5-cc20-404c-a83d-f1574ceb5487",
        "Errors": [
          {
            "NextAction": "e2a4d5c5-cc20-404c-a83d-f1574ceb5487",
            "ErrorType": "InputTimeLimitExceeded"
          },
          {
            "NextAction": "e2a4d5c5-cc20-404c-a83d-f1574ceb5487",
            "ErrorType": "NoMatchingCondition"
          },
          {
            "NextAction": "e2a4d5c5-cc20-404c-a83d-f1574ceb5487",
            "ErrorType": "NoMatchingError"
          }
        ]
      }
    },
    {
      "Identifier": "345b670e-c545-4079-a562-6ca4dae24784",
      "Type": "GetParticipantInput",
      "Parameters": {
        "Text": "You selected Classic Burger. Press 1 for Small, 2 for Medium, or 3 for Large",
        "InputTimeLimitSeconds": "10",
        "StoreInput": "False"
      },
      "Transitions": {
        "Conditions": [
          {
            "NextAction": "07a9bf9e-2120-4732-942e-7cf5ad10ab41",
            "Condition": {
              "Operator": "Equals",
              "Operands": [
                "1"
              ]
            }
          },
          {
            "NextAction": "07a9bf9e-2120-4732-942e-7cf5ad10ab41",
            "Condition": {
              "Operator": "Equals",
              "Operands": [
                "2"
              ]
            }
          },
          {
            "NextAction": "07a9bf9e-2120-4732-942e-7cf5ad10ab41",