{
  "Version": "2019-10-30",
  "StartAction": "83d6e964-41b3-4f19-b06f-0195ee786b5b",
  "Metadata": {
    "entryPointPosition": {
      "x": 0,
      "y": 0
    },
    "snapToGrid": false,
    "ActionMetadata": {
      "83d6e964-41b3-4f19-b06f-0195ee786b5b": {
        "position": {
          "x": 153.6,
          "y": 38.4
        }
      },
      "5c67fc79-d7c7-4478-b821-c471c6f4e59b": {
        "position": {
          "x": 384.0,
          "y": 38.4
        }
      },
      "7992a0af-0b99-455c-9cb2-676a489f6581": {
        "position": {
          "x": 614.4,
          "y": 230.39999999999998
        }
      },
      "11956a98-1727-4ae2-af0f-ae6b9ca4a4fe": {
        "position": {
          "x": 844.8,
          "y": 230.39999999999998
        }
      },
      "fd26da9f-499a-4b7c-bb1a-d2c475d3c9b6": {
        "position": {
          "x": 1075.2,
          "y": 422.4
        }
      },
      "3dc0ddfe-cc9a-46ce-9159-b5778007f09f": {
        "position": {
          "x": 384.0,
          "y": 633.6
        }
      },
      "3b97ec05-9881-432c-b72c-acde65c19a62": {
        "position": {
          "x": 1305.6,
          "y": 230.39999999999998
        }
      },
      "f49ee66d-3ad4-4f9c-bc1c-5b632b4c1f56": {
        "position": {
          "x": 1536.0,
          "y": 230.39999999999998
        }
      },
      "ab115901-267b-43bb-b333-2ad59481ede6": {
        "position": {
          "x": 1766.3999999999999,
          "y": 230.39999999999998
        }
      },
      "b9b4cd31-0f19-46ce-b035-c4a68d01d1bf": {
        "position": {
          "x": 1996.8,
          "y": 422.4
        }
      },
      "9933eaf9-4de1-4195-8edf-2408147a13a4": {
        "position": {
          "x": 1536.0,
          "y": 633.6
        }
      },
      "3d917235-9abf-44a0-9baa-397d84efc3f5": {
        "position": {
          "x": 1766.3999999999999,
          "y": 825.6
        }
      },
      "4c7d8bee-6cd9-4aa7-b589-3b267d6036b2": {
        "position": {
          "x": 2227.2,
          "y": 422.4
        }
      },
      "27ab5c8f-c626-4391-a078-58f38e1e9f1b": {
        "position": {
          "x": 2457.6,
          "y": 422.4
        }
      },
      "d62780b0-0065-43da-b314-cf392690cfa1": {
        "position": {
          "x": 2688.0,
          "y": 633.6
        }
      },
      "f7245633-66b2-4bbb-8cdc-aac81809ed1b": {
        "position": {
          "x": 1996.8,
          "y": 825.6
        }
      },
      "0e756d93-d316-4649-832b-4ab70ec82b28": {
        "position": {
          "x": 2227.2,
          "y": 1017.5999999999999
        }
      },
      "c1986ba1-ae8b-45b4-af59-8d80ab008d27": {
        "position": {
          "x": 2918.4,
          "y": 633.6
        }
      },
      "19bb4abe-6bc1-4a49-9603-f4a6b8a2ea6b": {
        "position": {
          "x": 3148.7999999999997,
          "y": 633.6
        }
      },
      "d917664b-927f-4388-9986-b6ecedc45bab": {
        "position": {
          "x": 3379.2,
          "y": 633.6
        }
      }
    },
    "Annotations": []
  },
  "Actions": [
    {
      "Identifier": "83d6e964-41b3-4f19-b06f-0195ee786b5b",
      "Type": "MessageParticipant",
      "Parameters": {
        "Text": "Welcome to Burger Palace! Thank you for calling."
      },
      "Transitions": {
        "NextAction": "5c67fc79-d7c7-4478-b821-c471c6f4e59b",
        "Errors": [
          {
            "NextAction": "7992a0af-0b99-455c-9cb2-676a489f6581",
            "ErrorType": "NoMatchingError"
          }
        ]
      }
    },
    {
      "Identifier": "5c67fc79-d7c7-4478-b821-c471c6f4e59b",
      "Type": "GetParticipantInput",
      "Parameters": {
        "Text": "Press 1 to place an order, 2 to track your order, or 3 to speak with an agent",
        "InputTimeLimitSeconds": "10",
        "StoreInput": "False"
      },
      "Transitions": {
        "Conditions": [
          {
            "NextAction": "11956a98-1727-4ae2-af0f-ae6b9ca4a4fe",
            "Condition": {
              "Operator": "Equals",
              "Operands": [
                "1"
              ]
            }
          },
          {
            "NextAction": "fd26da9f-499a-4b7c-bb1a-d2c475d3c9b6",
            "Condition": {
              "Operator": "Equals",
              "Operands": [
                "2"
              ]
            }
          },
          {
            "NextAction": "3dc0ddfe-cc9a-46ce-9159-b5778007f09f",
            "Condition": {
              "Operator": "Equals",
              "Operands": [
                "3"
              ]
            }
          }
        ],
        "NextAction": "7992a0af-0b99-455c-9cb2-676a489f6581",
        "Errors": [
          {
            "NextAction": "7992a0af-0b99-455c-9cb2-676a489f6581",
            "ErrorType": "InputTimeLimitExceeded"
          },
          {
            "NextAction": "7992a0af-0b99-455c-9cb2-676a489f6581",
            "ErrorType": "NoMatchingCondition"
          },
          {
            "NextAction": "7992a0af-0b99-455c-9cb2-676a489f6581",
            "ErrorType": "NoMatchingError"
          }
        ]
      }
    },
    {
      "Identifier": "11956a98-1727-4ae2-af0f-ae6b9ca4a4fe",
      "Type": "MessageParticipant",
      "Parameters": {
        "Text": "Great! Let's get your order started."
      },
      "Transitions": {
        "NextAction": "3b97ec05-9881-432c-b72c-acde65c19a62",
        "Errors": [
          {
            "NextAction": "7992a0af-0b99-455c-9cb2-676a489f6581",
            "ErrorType": "NoMatchingError"
          }
        ]
      }
    },
    {
      "Identifier": "3b97ec05-9881-432c-b72c-acde65c19a62",
      "Type": "GetParticipantInput",
      "Parameters": {
        "Text": "Press 1 for Classic Burger, 2 for Deluxe Burger, or 3 for Veggie Burger",
        "InputTimeLimitSeconds": "10",
        "StoreInput": "False"
      },
      "Transitions": {
        "Conditions": [
          {
            "NextAction": "b9b4cd31-0f19-46ce-b035-c4a68d01d1bf",
            "Condition": {
              "Operator": "Equals",
              "Operands": [
                "1"
              ]
            }
          },
          {
            "NextAction": "9933eaf9-4de1-4195-8edf-2408147a13a4",
            "Condition": {
              "Operator": "Equals",
              "Operands": [
                "2"
              ]
            }
          },
          {
            "NextAction": "3d917235-9abf-44a0-9baa-397d84efc3f5",
            "Condition": {
              "Operator": "Equals",
              "Operands": [
                "3"
              ]
            }
          }
        ],
        "NextAction": "7992a0af-0b99-455c-9cb2-676a489f6581",
        "Errors": [
          {
            "NextAction": "7992a0af-0b99-455c-9cb2-676a489f6581",
            "ErrorType": "InputTimeLimitExceeded"
          },
          {
            "NextAction": "7992a0af-0b99-455c-9cb2-676a489f6581",
            "ErrorType": "NoMatchingCondition"
          },
          {
            "NextAction": "7992a0af-0b99-455c-9cb2-676a489f6581",
            "ErrorType": "NoMatchingError"
          }
        ]
      }
    },
    {
      "Identifier": "b9b4cd31-0f19-46ce-b035-c4a68d01d1bf",
      "Type": "GetParticipantInput",
      "Parameters": {
        "Text": "You selected Classic Burger. Press 1 for Small, 2 for Medium, or 3 for Large",
        "InputTimeLimitSeconds": "10",
        "StoreInput": "False"
      },
      "Transitions": {
        "Conditions": [
          {
            "NextAction": "d62780b0-0065-43da-b314-cf392690cfa1",
            "Condition": {
              "Operator": "Equals",
              "Operands": [
                "1"
              ]
            }
          },
          {
            "NextAction": "d62780b0-0065-43da-b314-cf392690cfa1",
            "Condition": {
              "Operator": "Equals",
              "Operands": [
                "2"
              ]
            }
          },
          {
            "NextAction": "d62780b0-0065-43da-b314-cf392690cfa1",