{
  "Version": "2019-10-30",
  "StartAction": "abde0c2e-5642-4754-b2d1-c40528601fae",
  "Metadata": {
    "entryPointPosition": {
      "x": 0,
      "y": 0
    },
    "snapToGrid": false,
    "ActionMetadata": {
      "abde0c2e-5642-4754-b2d1-c40528601fae": {
        "position": {
          "x": 153.6,
          "y": 38.4
        }
      },
      "7fa5a887-405e-4afb-96c3-23b3bfe66387": {
        "position": {
          "x": 384.0,
          "y": 38.4
        }
      },
      "50e1571e-7bf5-4ca0-842a-ba7f91929e52": {
        "position": {
          "x": 614.4,
          "y": 38.4
        }
      },
      "14e38f3e-3915-4af2-96af-65232872e155": {
        "position": {
          "x": 844.8,
          "y": 230.39999999999998
        }
      },
      "7cbe0375-aecb-41a1-8c0c-2878df64a991": {
        "position": {
          "x": 1075.2,
          "y": 230.39999999999998
        }
      },
      "806bb7dc-a068-4989-a405-f7994c555743": {
        "position": {
          "x": 1305.6,
          "y": 230.39999999999998
        }
      },
      "98c62c6c-6369-405e-ba7d-a45f8f1a01bd": {
        "position": {
          "x": 1536.0,
          "y": 230.39999999999998
        }
      },
      "cc6f2a77-1dd4-4479-a7d1-7e58e07bc751": {
        "position": {
          "x": 1766.3999999999999,
          "y": 230.39999999999998
        }
      },
      "96d06374-1cf6-461b-a6fb-afa1c0169bd9": {
        "position": {
          "x": 1996.8,
          "y": 230.39999999999998
        }
      },
      "41faf82f-2025-4d5e-83c7-26572cdb454c": {
        "position": {
          "x": 2227.2,
          "y": 422.4
        }
      },
      "70acd7dc-8b9c-428b-8013-dc231aad4eb0": {
        "position": {
          "x": 2457.6,
          "y": 422.4
        }
      },
      "b040dcde-6d68-4bb8-aa68-9539c9e1be77": {
        "position": {
          "x": 2688.0,
          "y": 422.4
        }
      },
      "da457548-6f43-4731-9d0e-7f9c8f34a842": {
        "position": {
          "x": 2918.4,
          "y": 422.4
        }
      },
      "ae3cf8b0-ecf4-419b-b844-3bdfb6cf0901": {
        "position": {
          "x": 3148.7999999999997,
          "y": 422.4
        }
      },
      "8904a35a-576d-4d2b-bb7d-e26e14e66099": {
        "position": {
          "x": 3379.2,
          "y": 633.6
        }
      },
      "5d8854a8-f4d7-4466-888d-406c864aaed2": {
        "position": {
          "x": 3609.6,
          "y": 633.6
        }
      },
      "6d151bed-b3e1-43c4-90bd-e664778c36b6": {
        "position": {
          "x": 3840.0,
          "y": 633.6
        }
      },
      "664869e9-7a11-41cb-96d4-a14dcf8adfd3": {
        "position": {
          "x": 4070.3999999999996,
          "y": 633.6
        }
      },
      "1416f670-f848-432e-80ee-30da2327ba1d": {
        "position": {
          "x": 4300.8,
          "y": 633.6
        }
      },
      "8ce3b3ef-cff8-4f9d-8381-be84d732b70e": {
        "position": {
          "x": 4531.2,
          "y": 633.6
        }
      }
    },
    "Annotations": []
  },
  "Actions": [
    {
      "Identifier": "abde0c2e-5642-4754-b2d1-c40528601fae",
      "Type": "MessageParticipant",
      "Parameters": {
        "Text": "Welcome to Burger Palace! Thank you for calling."
      },
      "Transitions": {
        "NextAction": "7fa5a887-405e-4afb-96c3-23b3bfe66387",
        "Errors": [
          {
            "NextAction": "50e1571e-7bf5-4ca0-842a-ba7f91929e52",
            "ErrorType": "NoMatchingError"
          }
        ]
      }
    },
    {
      "Identifier": "7fa5a887-405e-4afb-96c3-23b3bfe66387",
      "Type": "GetParticipantInput",
      "Parameters": {
        "Text": "Press 1 to place an order, 2 to track your order, or 3 to speak with an agent",
        "InputTimeLimitSeconds": "10",
        "StoreInput": "False"
      },
      "Transitions": {
        "Conditions": [
          {
            "NextAction": "14e38f3e-3915-4af2-96af-65232872e155",
            "Condition": {
              "Operator": "Equals",
              "Operands": [
                "1"
              ]
            }
          },
          {
            "NextAction": "7cbe0375-aecb-41a1-8c0c-2878df64a991",
            "Condition": {
              "Operator": "Equals",
              "Operands": [
                "2"
              ]
            }
          },
          {
            "NextAction": "806bb7dc-a068-4989-a405-f7994c555743",
            "Condition": {
              "Operator": "Equals",
              "Operands": [
                "3"
              ]
            }
          }
        ],
        "NextAction": "50e1571e-7bf5-4ca0-842a-ba7f91929e52",
        "Errors": [
          {
            "NextAction": "50e1571e-7bf5-4ca0-842a-ba7f91929e52",
            "ErrorType": "InputTimeLimitExceeded"
          },
          {
            "NextAction": "50e1571e-7bf5-4ca0-842a-ba7f91929e52",
            "ErrorType": "NoMatchingCondition"
          },
          {
            "NextAction": "50e1571e-7bf5-4ca0-842a-ba7f91929e52",
            "ErrorType": "NoMatchingError"
          }
        ]
      }
    },
    {
      "Identifier": "14e38f3e-3915-4af2-96af-65232872e155",
      "Type": "MessageParticipant",
      "Parameters": {
        "Text": "Great! Let's get your order started."
      },
      "Transitions": {
        "NextAction": "98c62c6c-6369-405e-ba7d-a45f8f1a01bd",
        "Errors": [
          {
            "NextAction": "50e1571e-7bf5-4ca0-842a-ba7f91929e52",
            "ErrorType": "NoMatchingError"
          }
        ]
      }
    },
    {
      "Identifier": "98c62c6c-6369-405e-ba7d-a45f8f1a01bd",
      "Type": "GetParticipantInput",
      "Parameters": {
        "Text": "Press 1 for Classic Burger, 2 for Deluxe Burger, or 3 for Veggie Burger",
        "InputTimeLimitSeconds": "10",
        "StoreInput": "False"
      },
      "Transitions": {
        "Conditions": [
          {
            "NextAction": "41faf82f-2025-4d5e-83c7-26572cdb454c",
            "Condition": {
              "Operator": "Equals",
              "Operands": [
                "1"
              ]
            }
          },
          {
            "NextAction": "70acd7dc-8b9c-428b-8013-dc231aad4eb0",
            "Condition": {
              "Operator": "Equals",
              "Operands": [
                "2"
              ]
            }
          },
          {
            "NextAction": "b040dcde-6d68-4bb8-aa68-9539c9e1be77",
            "Condition": {
              "Operator": "Equals",
              "Operands": [
                "3"
              ]
            }
          }
        ],
        "NextAction": "50e1571e-7bf5-4ca0-842a-ba7f91929e52",
        "Errors": [
          {
            "NextAction": "50e1571e-7bf5-4ca0-842a-ba7f91929e52",
            "ErrorType": "InputTimeLimitExceeded"
          },
          {
            "NextAction": "50e1571e-7bf5-4ca0-842a-ba7f91929e52",
            "ErrorType": "NoMatchingCondition"
          },
          {
            "NextAction": "50e1571e-7bf5-4ca0-842a-ba7f91929e52",
            "ErrorType": "NoMatchingError"
          }
        ]
      }
    },
    {
      "Identifier": "41faf82f-2025-4d5e-83c7-26572cdb454c",
      "Type": "GetParticipantInput",
      "Parameters": {
        "Text": "You selected Classic Burger. Press 1 for Small, 2 for Medium, or 3 for Large",
        "InputTimeLimitSeconds": "10",
        "StoreInput": "False"
      },
      "Transitions": {
        "Conditions": [
          {
            "NextAction": "8904a35a-576d-4d2b-bb7d-e26e14e66099",
            "Condition": {
              "Operator": "Equals",
              "Operands": [
                "1"
              ]
            }
          },
          {
            "NextAction": "8904a35a-576d-4d2b-bb7d-e26e14e66099",
            "Condition": {
              "Operator": "Equals",
              "Operands": [
                "2"
              ]
            }
          },
          {
            "NextAction": "8904a35a-576d-4d2b-bb7d-e26e14e66099",