{
  "Version": "2019-10-30",
  "StartAction": "a3538f9c-05c7-4019-bc1b-fe4d13ef9338",
  "Metadata": {
    "entryPointPosition": {
      "x": 0,
      "y": 0
    },
    "snapToGrid": false,
    "ActionMetadata": {
      "a3538f9c-05c7-4019-bc1b-fe4d13ef9338": {
        "position": {
          "x": 153.6,
          "y": 38.4
        }
      },
      "5d181c03-6d77-4663-b7cf-77353aae2fb8": {
        "position": {
          "x": 614.4,
          "y": 230.39999999999998
        }
      },
      "6b891ce3-b04a-4ff6-bd74-2a255f9516bc": {
        "position": {
          "x": 1075.2,
          "y": 422.4
        }
      },
      "6c7d6292-7b2a-4eaa-9424-3d4e29253943": {
        "position": {
          "x": 1305.6,
          "y": 422.4
        }
      },
      "eefff1b2-b50d-411e-803c-1b9328c47107": {
        "position": {
          "x": 1536.0,
          "y": 422.4
        }
      },
      "799f88ca-426a-4994-8374-5ee95df100ee": {
        "position": {
          "x": 1766.3999999999999,
          "y": 422.4
        }
      },
      "eac8f95d-3901-423c-8988-735eebd9af84": {
        "position": {
          "x": 1996.8,
          "y": 633.6
        }
      },
      "1c5aea38-5dfc-4a6f-b100-6ba8b726e968": {
        "position": {
          "x": 2227.2,
          "y": 633.6
        }
      },
      "f90cc4e5-99d4-46ab-bea0-2021ab67da0e": {
        "position": {
          "x": 2457.6,
          "y": 633.6
        }
      },
      "b1134d53-b9e4-415f-988c-98932c1c4cea": {
        "position": {
          "x": 2688.0,
          "y": 633.6
        }
      },
      "abab3925-099e-4923-9fd1-748cb77d4409": {
        "position": {
          "x": 2918.4,
          "y": 825.6
        }
      },
      "bc599345-005f-42d9-bf69-5649c2d6b7cc": {
        "position": {
          "x": 3148.7999999999997,
          "y": 825.6
        }
      },
      "3f3fbc17-bda7-4a80-ad4a-89621e6b4bba": {
        "position": {
          "x": 3379.2,
          "y": 825.6
        }
      },
      "288791ba-3415-432d-9c5e-33682ae9e296": {
        "position": {
          "x": 3609.6,
          "y": 825.6
        }
      },
      "77402aaa-bd28-432b-8e20-b3724cdff0b4": {
        "position": {
          "x": 3840.0,
          "y": 825.6
        }
      },
      "41d85fc4-3a1a-4ede-a189-ff2dc7a38d0b": {
        "position": {
          "x": 4089.6,
          "y": 825.6
        }
      },
      "de172f54-7c15-45f3-a7e1-40969d8a3b01": {
        "position": {
          "x": 4550.4,
          "y": 825.6
        }
      },
      "9762f346-b045-49f1-bf99-adb4c35f1b1d": {
        "position": {
          "x": 5011.2,
          "y": 825.6
        }
      }
    },
    "Annotations": []
  },
  "Actions": [
    {
      "Identifier": "a3538f9c-05c7-4019-bc1b-fe4d13ef9338",
      "Type": "MessageParticipant",
      "Parameters": {
        "Text": "Welcome! This flow demonstrates hierarchical layout."
      },
      "Transitions": {
        "NextAction": "5d181c03-6d77-4663-b7cf-77353aae2fb8"
      }
    },
    {
      "Identifier": "5d181c03-6d77-4663-b7cf-77353aae2fb8",
      "Type": "GetParticipantInput",
      "Parameters": {
        "Text": "Press 1 for Sales, 2 for Support, 3 for Info, or 0 for Operator",
        "InputTimeLimitSeconds": "10",
        "StoreInput": "False"
      },
      "Transitions": {
        "Conditions": [
          {
            "NextAction": "6c7d6292-7b2a-4eaa-9424-3d4e29253943",
            "Condition": {
              "Operator": "Equals",
              "Operands": [
                "1"
              ]
            }
          },
          {
            "NextAction": "eefff1b2-b50d-411e-803c-1b9328c47107",
            "Condition": {
              "Operator": "Equals",
              "Operands": [
                "2"
              ]
            }
          },
          {
            "NextAction": "799f88ca-426a-4994-8374-5ee95df100ee",
            "Condition": {
              "Operator": "Equals",
              "Operands": [
                "3"
              ]
            }
          },
          {
            "NextAction": "6b891ce3-b04a-4ff6-bd74-2a255f9516bc",
            "Condition": {
              "Operator": "Equals",
              "Operands": [
                "0"
              ]
            }
          }
        ],
        "NextAction": "6b891ce3-b04a-4ff6-bd74-2a255f9516bc",
        "Errors": [
          {
            "NextAction": "6b891ce3-b04a-4ff6-bd74-2a255f9516bc",
            "ErrorType": "InputTimeLimitExceeded"
          },
          {
            "NextAction": "6b891ce3-b04a-4ff6-bd74-2a255f9516bc",
            "ErrorType": "NoMatchingCondition"
          },
          {
            "NextAction": "6b891ce3-b04a-4ff6-bd74-2a255f9516bc",
            "ErrorType": "NoMatchingError"
          }
        ]
      }
    },
    {
      "Identifier": "6c7d6292-7b2a-4eaa-9424-3d4e29253943",
      "Type": "MessageParticipant",
      "Parameters": {
        "Text": "Sales department. Let me help you today."
      },
      "Transitions": {
        "NextAction": "1c5aea38-5dfc-4a6f-b100-6ba8b726e968"
      }
    },
    {
      "Identifier": "1c5aea38-5dfc-4a6f-b100-6ba8b726e968",
      "Type": "GetParticipantInput",
      "Parameters": {
        "Text": "Press 1 for New Business, 2 for Existing Account, or 3 for Billing",
        "InputTimeLimitSeconds": "10",
        "StoreInput": "False"
      },
      "Transitions": {
        "Conditions": [
          {
            "NextAction": "bc599345-005f-42d9-bf69-5649c2d6b7cc",
            "Condition": {
              "Operator": "Equals",
              "Operands": [
                "1"
              ]
            }
          },
          {
            "NextAction": "3f3fbc17-bda7-4a80-ad4a-89621e6b4bba",
            "Condition": {
              "Operator": "Equals",
              "Operands": [
                "2"
              ]
            }
          },
          {
            "NextAction": "288791ba-3415-432d-9c5e-33682ae9e296",
            "Condition": {
              "Operator": "Equals",
              "Operands": [
                "3"
              ]
            }
          }
        ],
        "NextAction": "abab3925-099e-4923-9fd1-748cb77d4409",
        "Errors": [
          {
            "NextAction": "abab3925-099e-4923-9fd1-748cb77d4409",
            "ErrorType": "InputTimeLimitExceeded"
          },
          {
            "NextAction": "abab3925-099e-4923-9fd1-748cb77d4409",
            "ErrorType": "NoMatchingCondition"
          },
          {
            "NextAction": "abab3925-099e-4923-9fd1-748cb77d4409",
            "ErrorType": "NoMatchingError"
          }
        ]
      }
    },
    {
      "Identifier": "bc599345-005f-42d9-bf69-5649c2d6b7cc",
      "Type": "MessageParticipant",
      "Parameters": {
        "Text": "Connecting you to New Business Sales..."
      },
      "Transitions": {
        "NextAction": "abab3925-099e-4923-9fd1-748cb77d4409"
      }
    },
    {
      "Identifier": "3f3fbc17-bda7-4a80-ad4a-89621e6b4bba",
      "Type": "MessageParticipant",
      "Parameters": {
        "Text": "Connecting you to Account Management..."
      },
      "Transitions": {
        "NextAction": "abab3925-099e-4923-9fd1-748cb77d4409"
      }
    },
    {
      "Identifier": "288791ba-3415-432d-9c5e-33682ae9e296",
      "Type": "MessageParticipant",
      "Parameters": {
        "Text": "Connecting you to Sales Billing..."
      },
      "Transitions": {
        "NextAction": "abab3925-099e-4923-9fd1-748cb77d4409"
      }
    },
    {
      "Identifier": "abab3925-099e-4923-9fd1-748cb77d4409",
      "Type": "DisconnectParticipant",
      "Parameters": {},
      "Transitions": {}
    },
    {
      "Identifier": "eefff1b2-b50d-411e-803c-1b9328c47107",
      "Type": "MessageParticipant",
      "Parameters": {
        "Text": "Technical Support. We're here to assist you."
      },