{
  "Version": "2019-10-30",
  "StartAction": "2222a18a-615b-499a-b259-ad328d5378f7",
  "Metadata": {
    "entryPointPosition": {
      "x": 0,
      "y": 0
    },
    "snapToGrid": false,
    "ActionMetadata": {
      "2222a18a-615b-499a-b259-ad328d5378f7": {
        "position": {
          "x": 153.6,
          "y": 38.4
        }
      },
      "070e6279-3677-47b7-b4a0-b795b9f54ec4": {
        "position": {
          "x": 614.4,
          "y": 230.39999999999998
        }
      },
      "285b232d-400c-4715-9490-10534168a77e": {
        "position": {
          "x": 1075.2,
          "y": 422.4
        }
      },
      "28d40f24-1577-4b32-8345-27040cddbfef": {
        "position": {
          "x": 1305.6,
          "y": 422.4
        }
      },
      "224c71e4-7539-42ea-bf12-0f8b4b0b04a4": {
        "position": {
          "x": 1536.0,
          "y": 422.4
        }
      },
      "8f873402-c52c-43bf-9c56-62e76b345b4d": {
        "position": {
          "x": 1766.3999999999999,
          "y": 422.4
        }
      },
      "99eb6eca-ba3c-48ae-9310-e17569d844b1": {
        "position": {
          "x": 1996.8,
          "y": 633.6
        }
      },
      "a8207f33-eac6-47c1-85b2-39baf5944083": {
        "position": {
          "x": 2227.2,
          "y": 633.6
        }
      },
      "45a0e68e-6554-4743-a536-fddf88034874": {
        "position": {
          "x": 2457.6,
          "y": 633.6
        }
      },
      "601b8013-8c33-4965-8ab7-04949a14fedd": {
        "position": {
          "x": 2688.0,
          "y": 825.6
        }
      },
      "9234ec9b-bdfc-4e81-bcf8-acbd77d8de1e": {
        "position": {
          "x": 2918.4,
          "y": 825.6
        }
      },
      "95fa2735-ba35-4e56-aa01-6c3c8a48319d": {
        "position": {
          "x": 3148.7999999999997,
          "y": 825.6
        }
      },
      "94ec0a48-6f48-4796-b25f-ad038000b06e": {
        "position": {
          "x": 3379.2,
          "y": 825.6
        }
      },
      "f64227d1-2852-46c6-b23f-0bb6775beb05": {
        "position": {
          "x": 3609.6,
          "y": 825.6
        }
      },
      "ff7101ed-c576-41c6-860c-74870d7f1c0b": {
        "position": {
          "x": 3840.0,
          "y": 825.6
        }
      }
    },
    "Annotations": []
  },
  "Actions": [
    {
      "Identifier": "2222a18a-615b-499a-b259-ad328d5378f7",
      "Type": "MessageParticipant",
      "Parameters": {
        "Text": "Welcome to our service"
      },
      "Transitions": {
        "NextAction": "070e6279-3677-47b7-b4a0-b795b9f54ec4"
      }
    },
    {
      "Identifier": "070e6279-3677-47b7-b4a0-b795b9f54ec4",
      "Type": "GetParticipantInput",
      "Parameters": {
        "Text": "Press 1 for Sales, 2 for Support, or 3 for Billing",
        "InputTimeLimitSeconds": "10",
        "StoreInput": "False"
      },
      "Transitions": {
        "Conditions": [
          {
            "NextAction": "28d40f24-1577-4b32-8345-27040cddbfef",
            "Condition": {
              "Operator": "Equals",
              "Operands": [
                "1"
              ]
            }
          },
          {
            "NextAction": "224c71e4-7539-42ea-bf12-0f8b4b0b04a4",
            "Condition": {
              "Operator": "Equals",
              "Operands": [
                "2"
              ]
            }
          },
          {
            "NextAction": "8f873402-c52c-43bf-9c56-62e76b345b4d",
            "Condition": {
              "Operator": "Equals",
              "Operands": [
                "3"
              ]
            }
          }
        ],
        "NextAction": "285b232d-400c-4715-9490-10534168a77e",
        "Errors": [
          {
            "NextAction": "285b232d-400c-4715-9490-10534168a77e",
            "ErrorType": "InputTimeLimitExceeded"
          },
          {
            "NextAction": "285b232d-400c-4715-9490-10534168a77e",
            "ErrorType": "NoMatchingCondition"
          }
        ]
      }
    },
    {
      "Identifier": "28d40f24-1577-4b32-8345-27040cddbfef",
      "Type": "MessageParticipant",
      "Parameters": {
        "Text": "Connecting you to Sales"
      },
      "Transitions": {
        "NextAction": "99eb6eca-ba3c-48ae-9310-e17569d844b1"
      }
    },
    {
      "Identifier": "99eb6eca-ba3c-48ae-9310-e17569d844b1",
      "Type": "GetParticipantInput",
      "Parameters": {
        "Text": "Press 1 for New Customers, 2 for Existing",
        "InputTimeLimitSeconds": "5",
        "StoreInput": "False"
      },
      "Transitions": {
        "Conditions": [
          {
            "NextAction": "9234ec9b-bdfc-4e81-bcf8-acbd77d8de1e",
            "Condition": {
              "Operator": "Equals",
              "Operands": [
                "1"
              ]
            }
          },
          {
            "NextAction": "95fa2735-ba35-4e56-aa01-6c3c8a48319d",
            "Condition": {
              "Operator": "Equals",
              "Operands": [
                "2"
              ]
            }
          }
        ],
        "NextAction": "601b8013-8c33-4965-8ab7-04949a14fedd"
      }
    },
    {
      "Identifier": "9234ec9b-bdfc-4e81-bcf8-acbd77d8de1e",
      "Type": "MessageParticipant",
      "Parameters": {
        "Text": "New customer sales team"
      },
      "Transitions": {
        "NextAction": "601b8013-8c33-4965-8ab7-04949a14fedd"
      }
    },
    {
      "Identifier": "95fa2735-ba35-4e56-aa01-6c3c8a48319d",
      "Type": "MessageParticipant",
      "Parameters": {
        "Text": "Existing customer sales team"
      },
      "Transitions": {
        "NextAction": "601b8013-8c33-4965-8ab7-04949a14fedd"
      }
    },
    {
      "Identifier": "601b8013-8c33-4965-8ab7-04949a14fedd",
      "Type": "DisconnectParticipant",
      "Parameters": {},
      "Transitions": {}
    },
    {
      "Identifier": "224c71e4-7539-42ea-bf12-0f8b4b0b04a4",
      "Type": "MessageParticipant",
      "Parameters": {
        "Text": "Connecting you to Support"
      },
      "Transitions": {
        "NextAction": "a8207f33-eac6-47c1-85b2-39baf5944083"
      }
    },
    {
      "Identifier": "a8207f33-eac6-47c1-85b2-39baf5944083",
      "Type": "DisconnectParticipant",
      "Parameters": {},
      "Transitions": {}
    },
    {
      "Identifier": "8f873402-c52c-43bf-9c56-62e76b345b4d",
      "Type": "MessageParticipant",
      "Parameters": {
        "Text": "Connecting you to Billing"
      },
      "Transitions": {
        "NextAction": "45a0e68e-6554-4743-a536-fddf88034874"
      }
    },
    {
      "Identifier": "45a0e68e-6554-4743-a536-fddf88034874",
      "Type": "GetParticipantInput",
      "Parameters": {
        "Text": "Press 1 for Payments, 2 for Invoices",
        "InputTimeLimitSeconds": "5",
        "StoreInput": "False"
      },
      "Transitions": {
        "Conditions": [
          {
            "NextAction": "f64227d1-2852-46c6-b23f-0bb6775beb05",
            "Condition": {
              "Operator": "Equals",
              "Operands": [
                "1"
              ]
            }
          },
          {
            "NextAction": "ff7101ed-c576-41c6-860c-74870d7f1c0b",
            "Condition": {
              "Operator": "Equals",
              "Operands": [
                "2"
              ]
            }
          }
        ],
        "NextAction": "94ec0a48-6f48-4796-b25f-ad038000b06e"
      }
    },
    {
      "Identifier": "f64227d1-2852-46c6-b23f-0bb6775beb05",
      "Type": "MessageParticipant",
      "Parameters": {
        "Text": "Payment department"
      },
      "Transitions": {
        "NextAction": "94ec0a48-6f48-4796-b25f-ad038000b06e"
      }
    },
    {
      "Identifier": "ff7101ed-c576-41c6-860c-74870d7f1c0b",
      "Type": "MessageParticipant",
      "Parameters": {
        "Text": "Invoice department"
      },
      "Transitions": {
        "NextAction": "94ec0a48-6f48-4796-b25f-ad038000b06e"
      }
    },
    {
      "Identifier": "94ec0a48-6f48-4796-b25f-ad038000b06e",